event,5
|classes,2
concept,4
frontend,1
listening,1
Generator,2
is,1
hint,1
platforms,1
migrations,2
mixing,1
manager,37
protocol.,1
solutions,3
methods,1
plug-in,11
Suite,1
descendant,1
features,3
plugin.,1
console,1
monitor,2
generator,27
field,3
implementation,123
Interfaces,1
technique,11
controls,4
environment,17
platform,30
standard.,1
program,7
instrument,1
Services,2
suite,13
population,1
plugins,7
image,1
maker/accessor,1
tests,2
Plugin,4
pages,1
|components,2
term,1
Project,1
framework,338
Extensions,6
environments,1
Components,2
implementations,1
syntax,4
gem,41
compiler,34
mapper,4
Layer,3
name,1
level,1
gui,2
Coding,1
solution,15
server,47
pseudocolumn,1
API,25
bus.,1
mode,12
Bindings,1
cms,2
replacement,7
|api,1
development,2
plug-ins,1
Network,1
Implementation,1
Binding,1
GUI,4
module,104
Application,2
infrastructure,1
|features,1
Editor,1
interpreter,9
module.,1
`rel`,1
Structures,1
port,31
machines,1
Engine,4
editor.,1
container,10
network,1
directive,2
pattern,4
Tool,1
|tools,1
integration,15
subclass,2
dll,1
libraries,12
acronym,2
ORM,6
templates,5
template,4
provider,11
Interface,2
utility,13
approach,1
method,20
architecture,3
multi-tenancy,1
widget,14
machine.,1
ide,8
repository,5
|editor,1
Modules,1
interfaces,3
view,2
component,63
Server,1
abstractions,1
apis,5
orm,2
preprocessor,1
interface,50
automation,1
Service,1
panel,1
laravel,1
that,1
commands,1
endpoints,1
engines,1
language,45
plugin,266
adapter,11
script,1
cache,1
objects,6
extensions,6
logic,1
|ide,1
runtime,3
wrapper.,1
software,8
front-end,1
dnt,1
apps,2
statements,1
debugger,6
bundles,1
app,33
Wrapper,1
Environment,3
device,1
api,63
Provider,2
operator,3
table,1
bindings,25
IDE,15
tools,14
Store,1
backend,1
packages,2
cameraoverlayview,1
service,11
Framework,11
library.,6
support,4
preloader,1
Driver,3
system,56
wrapper,60
stack,4
connector,2
runner,1
checker,2
handler,1
call,1
editor,19
statement,7
files,2
widgets,1
toolset,1
framework.,8
type,1
Guidance,1
store,3
systems,4
function,66
shell,5
way,1
Database,1
detail,1
tool,112
|library,3
override,1
controller,3
Client,2
library,748
decoder,1
line,1
|component,1
message,1
protocols,1
Software,1
wysiwyg,1
exception,6
extension,68
keyword,6
Platform,1
middleware,2
package,119
Toolkit,7
Library,9
project,19
frameworks,1
classes,15
programs,3
Plug-in,3
shell.,1
property,20
App,1
browser,9
control,33
engine,59
layer,8
v,1
Container,2
viewer,1
attribute,7
api.,1
parser,31
binding,21
toolkit,26
agent,1
Libraries,1
player,4
proxy,4
class.,1
file,2
engine.,1
operation,1
option,1
Development,1
functions,6
monitoring,1
driver.,1
Mapping,1
format,9
namespace,2
feature,27
mechanism,7
Kit,3
machine,3
application,39
methodology,2
functionality,2
by(http://www.kelvinluck.com),1
helpers,2
document,5
projects,1
Compiler,2
wrappers,3
Mapper,5
product,5
designer,1
views,1
Package,2
structure,2
object,15
driver,26
utilities,6
kit,4
applications,11
Mode,3
converter,1
services,4
Runtime,1
class,106
protocol,6
View,2
sdk,10
task,3
database,12
datatype,1
|generator,1
modules,5
server.,1
Module,1
element,15
Localization,1
Manager,4
client,53
command,36
interface&#xd;&#xa;,1
components,11
databases,2
embedded(free),1
model,2
paradigm,1
specification,2
SDK,13
